"","cuedAR","uncuedAR","sameDirection1S0D","responseAR","barkod"
"1",-0.46331866,-0.46331866,"Ungrouped",-0.1404438046875,1
"22",-0.46331866,-0.41698684,"Ungrouped",-0.273647780625,1
"43",-0.46331866,-0.37065503,"Ungrouped",-0.2157330084375,1
"64",-0.46331866,-0.32432321,"Ungrouped",-0.2631652068,1
"85",-0.46331866,-0.27799139,"Ungrouped",-0.202487685185185,1
"106",-0.46331866,-0.23165957,"Ungrouped",-0.228570784,1
"127",-0.46331866,-0.18532775,"Ungrouped",-0.146717871333333,1
"148",-0.46331866,-0.13899593,"Ungrouped",-0.212057647307692,1
"169",-0.46331866,-0.09266412,"Ungrouped",-0.192455724615385,1
"190",-0.46331866,-0.0463323,"Ungrouped",-0.200771692222222,1
"211",-0.46331866,-4.8e-07,"Ungrouped",-0.255624303793103,1
"232",-0.46331866,0.04633134,"Ungrouped",-0.211515302173913,1
"253",-0.46331866,0.09266316,"Ungrouped",-0.2287638321875,1
"274",-0.46331866,0.13899498,"Ungrouped",-0.170338046764706,1
"295",-0.46331866,0.18532679,"Ungrouped",-0.188316903548387,1
"316",-0.46331866,0.23165861,"Ungrouped",-0.156155867777778,1
"337",-0.46331866,0.27799043,"Ungrouped",-0.204499540344828,1
"358",-0.46331866,0.32432225,"Ungrouped",-0.151007886666667,1
"379",-0.46331866,0.37065407,"Ungrouped",-0.185327753333333,1
"400",-0.46331866,0.41698588,"Ungrouped",-0.164735834722222,1
"421",-0.46331866,0.4633177,"Ungrouped",-0.2862649275,1
"442",-0.46331866,-0.46331866,"Grouped",-0.252839804,1
"463",-0.46331866,-0.41698684,"Grouped",-0.2816979348,1
"484",-0.46331866,-0.37065503,"Grouped",-0.253818265652174,1
"505",-0.46331866,-0.32432321,"Grouped",-0.2742848436,1
"526",-0.46331866,-0.27799139,"Grouped",-0.260276282058824,1
"547",-0.46331866,-0.23165957,"Grouped",-0.2576053888,1
"568",-0.46331866,-0.18532775,"Grouped",-0.249789413043478,1
"589",-0.46331866,-0.13899593,"Grouped",-0.1964473896,1
"610",-0.46331866,-0.09266412,"Grouped",-0.209155544857143,1
"631",-0.46331866,-0.0463323,"Grouped",-0.179981773461538,1
"652",-0.46331866,-4.8e-07,"Grouped",-0.284381984482759,1
"673",-0.46331866,0.04633134,"Grouped",-0.1853277532,1
"694",-0.46331866,0.09266316,"Grouped",-0.220848814,1
"715",-0.46331866,0.13899498,"Grouped",-0.197241649142857,1
"736",-0.46331866,0.18532679,"Grouped",-0.2895743435,1
"757",-0.46331866,0.23165861,"Grouped",-0.125758237857143,1
"778",-0.46331866,0.27799043,"Grouped",-0.146123870384615,1
"799",-0.46331866,0.32432225,"Grouped",-0.247636060344828,1
"820",-0.46331866,0.37065407,"Grouped",-0.239381541,1
"841",-0.46331866,0.41698588,"Grouped",-0.190475731851852,1
"862",-0.46331866,0.4633177,"Grouped",-0.158597857307692,1
"2",-0.41698684,-0.46331866,"Ungrouped",-0.233022271764706,2
"23",-0.41698684,-0.41698684,"Ungrouped",-0.193315964827586,2
"44",-0.41698684,-0.37065503,"Ungrouped",-0.0702002042424242,2
"65",-0.41698684,-0.32432321,"Ungrouped",-0.118555425882353,2
"86",-0.41698684,-0.27799139,"Ungrouped",-0.180534805862069,2
"107",-0.41698684,-0.23165957,"Ungrouped",-0.279315155428571,2
"128",-0.41698684,-0.18532775,"Ungrouped",-0.209500876086957,2
"149",-0.41698684,-0.13899593,"Ungrouped",-0.233765561363636,2
"170",-0.41698684,-0.09266412,"Ungrouped",-0.204110922432432,2
"191",-0.41698684,-0.0463323,"Ungrouped",-0.14705364173913,2
"212",-0.41698684,-4.8e-07,"Ungrouped",-0.283337368461538,2
"233",-0.41698684,0.04633134,"Ungrouped",-0.230372575555556,2
"254",-0.41698684,0.09266316,"Ungrouped",-0.1694011903125,2
"275",-0.41698684,0.13899498,"Ungrouped",-0.204203679259259,2
"296",-0.41698684,0.18532679,"Ungrouped",-0.2171808775,2
"317",-0.41698684,0.23165861,"Ungrouped",-0.251261493461538,2
"338",-0.41698684,0.27799043,"Ungrouped",-0.132377103928571,2
"359",-0.41698684,0.32432225,"Ungrouped",-0.231659571724138,2
"380",-0.41698684,0.37065407,"Ungrouped",-0.142191232068966,2
"401",-0.41698684,0.41698588,"Ungrouped",-0.170948911724138,2
"422",-0.41698684,0.4633177,"Ungrouped",-0.274130405,2
"443",-0.41698684,-0.46331866,"Grouped",-0.191946584761905,2
"464",-0.41698684,-0.41698684,"Grouped",-0.247103509166667,2
"485",-0.41698684,-0.37065503,"Grouped",-0.206838954285714,2
"506",-0.41698684,-0.32432321,"Grouped",-0.229645143478261,2
"527",-0.41698684,-0.27799139,"Grouped",-0.172972600666667,2
"548",-0.41698684,-0.23165957,"Grouped",-0.249594469032258,2
"569",-0.41698684,-0.18532775,"Grouped",-0.234854868275862,2
"590",-0.41698684,-0.13899593,"Grouped",-0.1370654425,2
"611",-0.41698684,-0.09266412,"Grouped",-0.174426148529412,2
"632",-0.41698684,-0.0463323,"Grouped",-0.221905505,2
"653",-0.41698684,-4.8e-07,"Grouped",-0.2483390252,2
"674",-0.41698684,0.04633134,"Grouped",-0.238787543461538,2
"695",-0.41698684,0.09266316,"Grouped",-0.16023131125,2
"716",-0.41698684,0.13899498,"Grouped",-0.220076617,2
"737",-0.41698684,0.18532679,"Grouped",-0.2057137536,2
"758",-0.41698684,0.23165861,"Grouped",-0.130938227391304,2
"779",-0.41698684,0.27799043,"Grouped",-0.226866591034483,2
"800",-0.41698684,0.32432225,"Grouped",-0.221197548387097,2
"821",-0.41698684,0.37065407,"Grouped",-0.161303847777778,2
"842",-0.41698684,0.41698588,"Grouped",-0.204405561176471,2
"863",-0.41698684,0.4633177,"Grouped",-0.138995908108108,2
"3",-0.37065503,-0.46331866,"Ungrouped",-0.274130405,3
"24",-0.37065503,-0.41698684,"Ungrouped",-0.197207706410256,3
"45",-0.37065503,-0.37065503,"Ungrouped",-0.204499539655172,3
"66",-0.37065503,-0.32432321,"Ungrouped",-0.22007661575,3
"87",-0.37065503,-0.27799139,"Ungrouped",-0.225040739642857,3
"108",-0.37065503,-0.23165957,"Ungrouped",-0.06415219,3
"129",-0.37065503,-0.18532775,"Ungrouped",-0.1000772072,3
"150",-0.37065503,-0.13899593,"Ungrouped",-0.191946583928571,3
"171",-0.37065503,-0.09266412,"Ungrouped",-0.180694571333333,3
"192",-0.37065503,-0.0463323,"Ungrouped",-0.185327753928571,3
"213",-0.37065503,-4.8e-07,"Ungrouped",-0.157528661,3
"234",-0.37065503,0.04633134,"Ungrouped",-0.132952653913043,3
"255",-0.37065503,0.09266316,"Ungrouped",-0.1969107078125,3
"276",-0.37065503,0.13899498,"Ungrouped",-0.145614765238095,3
"297",-0.37065503,0.18532679,"Ungrouped",-0.182238964666667,3
"318",-0.37065503,0.23165861,"Ungrouped",-0.166249945882353,3
"339",-0.37065503,0.27799043,"Ungrouped",-0.1223164796,3
"360",-0.37065503,0.32432225,"Ungrouped",-0.221587436086957,3
"381",-0.37065503,0.37065407,"Ungrouped",-0.1250963895,3
"402",-0.37065503,0.41698588,"Ungrouped",-0.248390505277778,3
"423",-0.37065503,0.4633177,"Ungrouped",-0.175399505357143,3
"444",-0.37065503,-0.46331866,"Grouped",-0.235223556153846,3
"465",-0.37065503,-0.41698684,"Grouped",-0.26872502625,3
"486",-0.37065503,-0.37065503,"Grouped",-0.178708922142857,3
"507",-0.37065503,-0.32432321,"Grouped",-0.180534806551724,3
"528",-0.37065503,-0.27799139,"Grouped",-0.1904757325,3
"549",-0.37065503,-0.23165957,"Grouped",-0.202901890689655,3
"570",-0.37065503,-0.18532775,"Grouped",-0.190475733703704,3
"591",-0.37065503,-0.13899593,"Grouped",-0.249911498787879,3
"612",-0.37065503,-0.09266412,"Grouped",-0.150578889642857,3
"633",-0.37065503,-0.0463323,"Grouped",-0.172090089285714,3
"654",-0.37065503,-4.8e-07,"Grouped",-0.166249945294118,3
"675",-0.37065503,0.04633134,"Grouped",-0.223235603636364,3
"696",-0.37065503,0.09266316,"Grouped",-0.247774986956522,3
"717",-0.37065503,0.13899498,"Grouped",-0.142856919722222,3
"738",-0.37065503,0.18532679,"Grouped",-0.161363019655172,3
"759",-0.37065503,0.23165861,"Grouped",-0.151631884242424,3
"780",-0.37065503,0.27799043,"Grouped",-0.165250631,3
"801",-0.37065503,0.32432225,"Grouped",-0.148581827586207,3
"822",-0.37065503,0.37065407,"Grouped",-0.1588524275,3
"843",-0.37065503,0.41698588,"Grouped",-0.1853277528,3
"864",-0.37065503,0.4633177,"Grouped",-0.185327753636364,3
"4",-0.32432321,-0.46331866,"Ungrouped",-0.117936017272727,4
"25",-0.32432321,-0.41698684,"Ungrouped",-0.14378888137931,4
"46",-0.32432321,-0.37065503,"Ungrouped",-0.177054213928571,4
"67",-0.32432321,-0.32432321,"Ungrouped",-0.230115177,4
"88",-0.32432321,-0.27799139,"Ungrouped",-0.175399506071429,4
"109",-0.32432321,-0.23165957,"Ungrouped",-0.20638767,4
"130",-0.32432321,-0.18532775,"Ungrouped",-0.222120666176471,4
"151",-0.32432321,-0.13899593,"Ungrouped",-0.192643302631579,4
"172",-0.32432321,-0.09266412,"Ungrouped",-0.1352893892,4
"193",-0.32432321,-0.0463323,"Ungrouped",-0.195623711944444,4
"214",-0.32432321,-4.8e-07,"Ungrouped",-0.1528954795,4
"235",-0.32432321,0.04633134,"Ungrouped",-0.0926641155172414,4
"256",-0.32432321,0.09266316,"Ungrouped",-0.200771692727273,4
"277",-0.32432321,0.13899498,"Ungrouped",-0.109104438709677,4
"298",-0.32432321,0.18532679,"Ungrouped",-0.187109745,4
"319",-0.32432321,0.23165861,"Ungrouped",-0.1612352068,4
"340",-0.32432321,0.27799043,"Ungrouped",-0.188891738846154,4
"361",-0.32432321,0.32432225,"Ungrouped",-0.147419901515152,4
"382",-0.32432321,0.37065407,"Ungrouped",-0.2112735716,4
"403",-0.32432321,0.41698588,"Ungrouped",-0.1556753896,4
"424",-0.32432321,0.4633177,"Ungrouped",-0.0593631215625,4
"445",-0.32432321,-0.46331866,"Grouped",-0.238523544074074,4
"466",-0.32432321,-0.41698684,"Grouped",-0.198197702222222,4
"487",-0.32432321,-0.37065503,"Grouped",-0.233765562727273,4
"508",-0.32432321,-0.32432321,"Grouped",-0.205184246071429,4
"529",-0.32432321,-0.27799139,"Grouped",-0.0926641160606061,4
"550",-0.32432321,-0.23165957,"Grouped",-0.172853802307692,4
"571",-0.32432321,-0.18532775,"Grouped",-0.102960075185185,4
"592",-0.32432321,-0.13899593,"Grouped",-0.0720721962962963,4
"613",-0.32432321,-0.09266412,"Grouped",-0.156711041470588,4
"634",-0.32432321,-0.0463323,"Grouped",-0.128465975454545,4
"655",-0.32432321,-4.8e-07,"Grouped",-0.0926641155555556,4
"676",-0.32432321,0.04633134,"Grouped",-0.0893547010714286,4
"697",-0.32432321,0.09266316,"Grouped",-0.188053152941176,4
"718",-0.32432321,0.13899498,"Grouped",-0.120463206,4
"739",-0.32432321,0.18532679,"Grouped",-0.109824047777778,4
"760",-0.32432321,0.23165861,"Grouped",-0.192141255588235,4
"781",-0.32432321,0.27799043,"Grouped",-0.140540327333333,4
"802",-0.32432321,0.32432225,"Grouped",-0.105534065,4
"823",-0.32432321,0.37065407,"Grouped",-0.185327753333333,4
"844",-0.32432321,0.41698588,"Grouped",-0.0823681566666667,4
"865",-0.32432321,0.4633177,"Grouped",-0.1816212072,4
"5",-0.27799139,-0.46331866,"Ungrouped",-0.0897683784375,5
"26",-0.27799139,-0.41698684,"Ungrouped",-0.198739594473684,5
"47",-0.27799139,-0.37065503,"Ungrouped",-0.146311458684211,5
"68",-0.27799139,-0.32432321,"Ungrouped",-0.180694571,5
"89",-0.27799139,-0.27799139,"Ungrouped",-0.148581827586207,5
"110",-0.27799139,-0.23165957,"Ungrouped",-0.0772201766666667,5
"131",-0.27799139,-0.18532775,"Ungrouped",-0.124050186451613,5
"152",-0.27799139,-0.13899593,"Ungrouped",-0.0669242177777778,5
"173",-0.27799139,-0.09266412,"Ungrouped",-0.0505442809090909,5
"194",-0.27799139,-0.0463323,"Ungrouped",-0.154439874848485,5
"215",-0.27799139,-4.8e-07,"Ungrouped",-0.137213941153846,5
"236",-0.27799139,0.04633134,"Ungrouped",-0.0870481372727273,5
"257",-0.27799139,0.09266316,"Ungrouped",-0.122643528529412,5
"278",-0.27799139,0.13899498,"Ungrouped",-0.119139441428571,5
"299",-0.27799139,0.18532679,"Ungrouped",-0.1890342984,5
"320",-0.27799139,0.23165861,"Ungrouped",-0.102592327857143,5
"341",-0.27799139,0.27799043,"Ungrouped",-0.114543029166667,5
"362",-0.27799139,0.32432225,"Ungrouped",-0.1408492068,5
"383",-0.27799139,0.37065407,"Ungrouped",-0.145386531034483,5
"404",-0.27799139,0.41698588,"Ungrouped",-0.210424154583333,5
"425",-0.27799139,0.4633177,"Ungrouped",-0.136421943888889,5
"446",-0.27799139,-0.46331866,"Grouped",-0.220076615625,5
"467",-0.27799139,-0.41698684,"Grouped",-0.127763979090909,5
"488",-0.27799139,-0.37065503,"Grouped",-0.116688021111111,5
"509",-0.27799139,-0.32432321,"Grouped",-0.116837239130435,5
"530",-0.27799139,-0.27799139,"Grouped",-0.136421944722222,5
"551",-0.27799139,-0.23165957,"Grouped",-0.0980100946153846,5
"572",-0.27799139,-0.18532775,"Grouped",-0.18734217826087,5
"593",-0.27799139,-0.13899593,"Grouped",-0.1074902972,5
"614",-0.27799139,-0.09266412,"Grouped",-0.125482485416667,5
"635",-0.27799139,-0.0463323,"Grouped",-0.02509688125,5
"656",-0.27799139,-4.8e-07,"Grouped",-0.160283525675676,5
"677",-0.27799139,0.04633134,"Grouped",-0.166373826818182,5
"698",-0.27799139,0.09266316,"Grouped",-0.1671259675,5
"719",-0.27799139,0.13899498,"Grouped",-0.0792129435483871,5
"740",-0.27799139,0.18532679,"Grouped",-0.108640605172414,5
"761",-0.27799139,0.23165861,"Grouped",-0.111969039583333,5
"782",-0.27799139,0.27799043,"Grouped",-0.120042009090909,5
"803",-0.27799139,0.32432225,"Grouped",-0.150578889642857,5
"824",-0.27799139,0.37065407,"Grouped",-0.143207918181818,5
"845",-0.27799139,0.41698588,"Grouped",-0.08424015,5
"866",-0.27799139,0.4633177,"Grouped",-0.23770285173913,5
"6",-0.23165957,-0.46331866,"Ungrouped",-0.148534838529412,6
"27",-0.23165957,-0.41698684,"Ungrouped",-0.11913944,6
"48",-0.23165957,-0.37065503,"Ungrouped",-0.131007688965517,6
"69",-0.23165957,-0.32432321,"Ungrouped",-0.129410040344828,6
"90",-0.23165957,-0.27799139,"Ungrouped",-0.153941681935484,6
"111",-0.23165957,-0.23165957,"Ungrouped",-0.120042008181818,6
"132",-0.23165957,-0.18532775,"Ungrouped",-0.0982239332,6
"153",-0.23165957,-0.13899593,"Ungrouped",-0.0745342739130435,6
"174",-0.23165957,-0.09266412,"Ungrouped",-0.056404432173913,6
"195",-0.23165957,-0.0463323,"Ungrouped",-0.0686402107407407,6
"216",-0.23165957,-4.8e-07,"Ungrouped",-0.0807075174193548,6
"237",-0.23165957,0.04633134,"Ungrouped",-0.134362752666667,6
"258",-0.23165957,0.09266316,"Ungrouped",-0.117374418666667,6
"279",-0.23165957,0.13899498,"Ungrouped",-0.110238254137931,6
"300",-0.23165957,0.18532679,"Ungrouped",-0.096370662,6
"321",-0.23165957,0.23165861,"Ungrouped",-0.163524543823529,6
"342",-0.23165957,0.27799043,"Ungrouped",-0.1760613875,6
"363",-0.23165957,0.32432225,"Ungrouped",-0.158852427142857,6
"384",-0.23165957,0.37065407,"Ungrouped",-0.246401514090909,6
"405",-0.23165957,0.41698588,"Ungrouped",-0.140540327666667,6
"426",-0.23165957,0.4633177,"Ungrouped",-0.141010361304348,6
"447",-0.23165957,-0.46331866,"Grouped",-0.1130501152,6
"468",-0.23165957,-0.41698684,"Grouped",-0.180179772962963,6
"489",-0.23165957,-0.37065503,"Grouped",-0.1476831503125,6
"510",-0.23165957,-0.32432321,"Grouped",-0.141803923333333,6
"531",-0.23165957,-0.27799139,"Grouped",-0.128465975454545,6
"552",-0.23165957,-0.23165957,"Grouped",-0.0914448573684211,6
"573",-0.23165957,-0.18532775,"Grouped",-0.102681806486486,6
"594",-0.23165957,-0.13899593,"Grouped",-0.0844879123529412,6
"615",-0.23165957,-0.09266412,"Grouped",-0.0336963472727273,6
"636",-0.23165957,-0.0463323,"Grouped",-0.129410042068966,6
"657",-0.23165957,-4.8e-07,"Grouped",-0.0912162465625,6
"678",-0.23165957,0.04633134,"Grouped",-0.110314332857143,6
"699",-0.23165957,0.09266316,"Grouped",-0.0447879043333333,6
"720",-0.23165957,0.13899498,"Grouped",-0.133847953888889,6
"741",-0.23165957,0.18532679,"Grouped",-0.0589682481818182,6
"762",-0.23165957,0.23165861,"Grouped",-0.155543013214286,6
"783",-0.23165957,0.27799043,"Grouped",-0.0382745891304348,6
"804",-0.23165957,0.32432225,"Grouped",-0.0851912106451613,6
"825",-0.23165957,0.37065407,"Grouped",-0.102250009310345,6
"846",-0.23165957,0.41698588,"Grouped",-0.164403705806452,6
"867",-0.23165957,0.4633177,"Grouped",-0.118036302142857,6
"7",-0.18532775,-0.46331866,"Ungrouped",-0.0419197438095238,7
"28",-0.18532775,-0.41698684,"Ungrouped",-0.138995934137931,7
"49",-0.18532775,-0.37065503,"Ungrouped",-0.0943801085185185,7
"70",-0.18532775,-0.32432321,"Ungrouped",-0.0413681396428571,7
"91",-0.18532775,-0.27799139,"Ungrouped",-0.06598822,7
"112",-0.18532775,-0.23165957,"Ungrouped",-0.118404014444444,7
"133",-0.18532775,-0.18532775,"Ungrouped",-0.08880313125,7
"154",-0.18532775,-0.13899593,"Ungrouped",-0.128699975185185,7
"175",-0.18532775,-0.09266412,"Ungrouped",-0.00686445222222222,7
"196",-0.18532775,-0.0463323,"Ungrouped",-0.0882515614285714,7
"217",-0.18532775,-4.8e-07,"Ungrouped",-0.1686482976,7
"238",-0.18532775,0.04633134,"Ungrouped",-0.0766261780769231,7
"259",-0.18532775,0.09266316,"Ungrouped",-0.0842401487878788,7
"280",-0.18532775,0.13899498,"Ungrouped",-0.0661887911428571,7
"301",-0.18532775,0.18532679,"Ungrouped",-0.0962281023076923,7
"322",-0.18532775,0.23165861,"Ungrouped",-0.153737875909091,7
"343",-0.18532775,0.27799043,"Ungrouped",-0.050675905,7
"364",-0.18532775,0.32432225,"Ungrouped",-0.126983980740741,7
"385",-0.18532775,0.37065407,"Ungrouped",-0.0833977528,7
"406",-0.18532775,0.41698588,"Ungrouped",-0.042625752,7
"427",-0.18532775,0.4633177,"Ungrouped",-0.0722236079411765,7
"448",-0.18532775,-0.46331866,"Grouped",-0.104928420588235,7
"469",-0.18532775,-0.41698684,"Grouped",-0.0652082237037037,7
"490",-0.18532775,-0.37065503,"Grouped",-0.114610767368421,7
"511",-0.18532775,-0.32432321,"Grouped",-0.117936016363636,7
"532",-0.18532775,-0.27799139,"Grouped",-0.0926641157692308,7
"553",-0.18532775,-0.23165957,"Grouped",-0.0666024384375,7
"574",-0.18532775,-0.18532775,"Grouped",-0.0976282389285714,7
"595",-0.18532775,-0.13899593,"Grouped",-0.092664115,7
"616",-0.18532775,-0.09266412,"Grouped",-0.0895753286666667,7
"637",-0.18532775,-0.0463323,"Grouped",-0.1181466165,7
"658",-0.18532775,-4.8e-07,"Grouped",-0.1056370252,7
"679",-0.18532775,0.04633134,"Grouped",-0.108108055454545,7
"700",-0.18532775,0.09266316,"Grouped",-0.165471258571429,7
"721",-0.18532775,0.13899498,"Grouped",-0.0761170385714286,7
"742",-0.18532775,0.18532679,"Grouped",-0.121786973142857,7
"763",-0.18532775,0.23165861,"Grouped",-0.0267303742307692,7
"784",-0.18532775,0.27799043,"Grouped",-0.105300066818182,7
"805",-0.18532775,0.32432225,"Grouped",-0.0772201766666667,7
"826",-0.18532775,0.37065407,"Grouped",-0.1023165775,7
"847",-0.18532775,0.41698588,"Grouped",-0.149131019375,7
"868",-0.18532775,0.4633177,"Grouped",-0.104676068518519,7
"8",-0.13899593,-0.46331866,"Ungrouped",-0.0686993817241379,8
"29",-0.13899593,-0.41698684,"Ungrouped",-0.0254082506451613,8
"50",-0.13899593,-0.37065503,"Ungrouped",-0.0407724792,8
"71",-0.13899593,-0.32432321,"Ungrouped",-0.109733733684211,8
"92",-0.13899593,-0.27799139,"Ungrouped",-0.0274563714814815,8
"113",-0.13899593,-0.23165957,"Ungrouped",-0.0463322977419355,8
"134",-0.13899593,-0.18532775,"Ungrouped",-0.0529511285714286,8
"155",-0.13899593,-0.13899593,"Ungrouped",-0.0767789208571429,8
"176",-0.13899593,-0.09266412,"Ungrouped",-0.00992872607142857,8
"197",-0.13899593,-0.0463323,"Ungrouped",-0.0213843957692308,8
"218",-0.13899593,-4.8e-07,"Ungrouped",-0.0377523314814815,8
"239",-0.13899593,0.04633134,"Ungrouped",-0.0888031308333333,8
"260",-0.13899593,0.09266316,"Ungrouped",-0.00817668264705883,8
"281",-0.13899593,0.13899498,"Ungrouped",-0.0546058360714286,8
"302",-0.13899593,0.18532679,"Ungrouped",-0.0592022475,8
"323",-0.13899593,0.23165861,"Ungrouped",-0.0498962842307692,8
"344",-0.13899593,0.27799043,"Ungrouped",-0.092664116,8
"365",-0.13899593,0.32432225,"Ungrouped",-0.00159812793103448,8
"386",-0.13899593,0.37065407,"Ungrouped",-0.109512050454545,8
"407",-0.13899593,0.41698588,"Ungrouped",-0.102960074444444,8
"428",-0.13899593,0.4633177,"Ungrouped",-0.0415393510344828,8
"449",-0.13899593,-0.46331866,"Grouped",0.030404775625,8
"470",-0.13899593,-0.41698684,"Grouped",-0.0755944992105263,8
"491",-0.13899593,-0.37065503,"Grouped",-0.0735863079411765,8
"512",-0.13899593,-0.32432321,"Grouped",-0.02151168,8
"533",-0.13899593,-0.27799139,"Grouped",0.00421150454545454,8
"554",-0.13899593,-0.23165957,"Grouped",-0.100136989354839,8
"575",-0.13899593,-0.18532775,"Grouped",-0.148648395833333,8
"596",-0.13899593,-0.13899593,"Grouped",-0.130415967777778,8
"617",-0.13899593,-0.09266412,"Grouped",-0.0822020922580645,8
"638",-0.13899593,-0.0463323,"Grouped",-0.0479869717857143,8
"659",-0.13899593,-4.8e-07,"Grouped",-0.0694982070833333,8
"680",-0.13899593,0.04633134,"Grouped",-0.0322923521212121,8
"701",-0.13899593,0.09266316,"Grouped",-0.0561602593939394,8
"722",-0.13899593,0.13899498,"Grouped",-0.0777183680645161,8
"743",-0.13899593,0.18532679,"Grouped",-0.0904578385714286,8
"764",-0.13899593,0.23165861,"Grouped",0.0198560138095238,8
"785",-0.13899593,0.27799043,"Grouped",-0.0772201761904762,8
"806",-0.13899593,0.32432225,"Grouped",-0.155111349565217,8
"827",-0.13899593,0.37065407,"Grouped",-0.071152915,8
"848",-0.13899593,0.41698588,"Grouped",-0.0803089636666667,8
"869",-0.13899593,0.4633177,"Grouped",-0.145614766285714,8
"9",-0.09266412,-0.46331866,"Ungrouped",-0.0926641159090909,9
"30",-0.09266412,-0.41698684,"Ungrouped",-0.0568622568181818,9
"51",-0.09266412,-0.37065503,"Ungrouped",-0.0121930636842105,9
"72",-0.09266412,-0.32432321,"Ungrouped",-0.0732346435483871,9
"93",-0.09266412,-0.27799139,"Ungrouped",-0.0266763736363636,9
"114",-0.09266412,-0.23165957,"Ungrouped",-0.0508160219354839,9
"135",-0.09266412,-0.18532775,"Ungrouped",-0.095653265483871,9
"156",-0.09266412,-0.13899593,"Ungrouped",-0.111969039583333,9
"177",-0.09266412,-0.09266412,"Ungrouped",-0.0463322979310345,9
"198",-0.09266412,-0.0463323,"Ungrouped",-0.0504203988235294,9
"219",-0.09266412,-4.8e-07,"Ungrouped",0.0086867359375,9
"240",-0.09266412,0.04633134,"Ungrouped",-0.0703562040740741,9
"261",-0.09266412,0.09266316,"Ungrouped",-0.0200776006666667,9
"282",-0.09266412,0.13899498,"Ungrouped",-0.0718946796551724,9
"303",-0.09266412,0.18532679,"Ungrouped",-0.00280846848484849,9
"324",-0.09266412,0.23165861,"Ungrouped",-0.00858044666666667,9
"345",-0.09266412,0.27799043,"Ungrouped",-0.0424713127777778,9
"366",-0.09266412,0.32432225,"Ungrouped",-0.0407724788,9
"387",-0.09266412,0.37065407,"Ungrouped",-0.0605882419230769,9
"408",-0.09266412,0.41698588,"Ungrouped",-0.0685715312,9
"429",-0.09266412,0.4633177,"Ungrouped",-0.0913403491428571,9
"450",-0.09266412,-0.46331866,"Grouped",-0.00178247230769231,9
"471",-0.09266412,-0.41698684,"Grouped",-0.0593631215625,9
"492",-0.09266412,-0.37065503,"Grouped",-0.0207699155172414,9
"513",-0.09266412,-0.32432321,"Grouped",-0.052375577826087,9
"534",-0.09266412,-0.27799139,"Grouped",-0.0449695697058824,9
"555",-0.09266412,-0.23165957,"Grouped",-0.0529511289285714,9
"576",-0.09266412,-0.18532775,"Grouped",-0.0804715318421053,9
"597",-0.09266412,-0.13899593,"Grouped",-0.0223083918518519,9
"618",-0.09266412,-0.09266412,"Grouped",-0.0360363385185185,9
"639",-0.09266412,-0.0463323,"Grouped",-0.0415393503448276,9
"660",-0.09266412,-4.8e-07,"Grouped",-0.0296528436,9
"681",-0.09266412,0.04633134,"Grouped",0.00193001333333333,9
"702",-0.09266412,0.09266316,"Grouped",-0.0259462964,9
"723",-0.09266412,0.13899498,"Grouped",-0.0141574227777778,9
"744",-0.09266412,0.18532679,"Grouped",-0.0421203145454545,9
"765",-0.09266412,0.23165861,"Grouped",-0.0162792262162162,9
"786",-0.09266412,0.27799043,"Grouped",-0.0634922296296296,9
"807",-0.09266412,0.32432225,"Grouped",-0.043436559375,9
"828",-0.09266412,0.37065407,"Grouped",-0.1260230256,9
"849",-0.09266412,0.41698588,"Grouped",0.00210551181818181,9
"870",-0.09266412,0.4633177,"Grouped",-0.0259462976,9
"10",-0.0463323,-0.46331866,"Ungrouped",0.0264748451428571,10
"31",-0.0463323,-0.41698684,"Ungrouped",0.0946775843478261,10
"52",-0.0463323,-0.37065503,"Ungrouped",-0.0202706496875,10
"73",-0.0463323,-0.32432321,"Ungrouped",-0.0758161815151515,10
"94",-0.0463323,-0.27799139,"Ungrouped",-0.0132381421428571,10
"115",-0.0463323,-0.23165957,"Ungrouped",-0.0407163190909091,10
"136",-0.0463323,-0.18532775,"Ungrouped",0.0252714218181818,10
"157",-0.0463323,-0.13899593,"Ungrouped",0.0846054491304348,10
"178",-0.0463323,-0.09266412,"Ungrouped",0.0362592047826087,10
"199",-0.0463323,-0.0463323,"Ungrouped",-0.030888358,10
"220",-0.0463323,-4.8e-07,"Ungrouped",-0.0422441952941177,10
"241",-0.0463323,0.04633134,"Ungrouped",0.0171594888888889,10
"262",-0.0463323,0.09266316,"Ungrouped",0.0129724296,10
"283",-0.0463323,0.13899498,"Ungrouped",-0.00661931142857143,10
"304",-0.0463323,0.18532679,"Ungrouped",-0.062447712173913,10
"325",-0.0463323,0.23165861,"Ungrouped",-0.00597877838709678,10
"346",-0.0463323,0.27799043,"Ungrouped",-0.0397134664285714,10
"367",-0.0463323,0.32432225,"Ungrouped",-0.0547562642424242,10
"388",-0.0463323,0.37065407,"Ungrouped",-0.0249483815384615,10
"409",-0.0463323,0.41698588,"Ungrouped",-0.00154487333333334,10
"430",-0.0463323,0.4633177,"Ungrouped",-0.0572339020588235,10
"451",-0.0463323,-0.46331866,"Grouped",0.00617709666666666,10
"472",-0.0463323,-0.41698684,"Grouped",0.0215107225,10
"493",-0.0463323,-0.37065503,"Grouped",-4.79677419360845e-07,10
"514",-0.0463323,-0.32432321,"Grouped",-0.00827401857142857,10
"535",-0.0463323,-0.27799139,"Grouped",0.0132371835714286,10
"556",-0.0463323,-0.23165957,"Grouped",0.07384085625,10
"577",-0.0463323,-0.18532775,"Grouped",-0.0339771463333333,10
"598",-0.0463323,-0.13899593,"Grouped",0.0593621621875,10
"619",-0.0463323,-0.09266412,"Grouped",-4.78260869569132e-07,10
"640",-0.0463323,-0.0463323,"Grouped",0.05237462,10
"661",-0.0463323,-4.8e-07,"Grouped",-0.0187836494594595,10
"682",-0.0463323,0.04633134,"Grouped",-0.0571430563333333,10
"703",-0.0463323,0.09266316,"Grouped",-0.0356403392307692,10
"724",-0.0463323,0.13899498,"Grouped",0.0366788758333333,10
"745",-0.0463323,0.18532679,"Grouped",0.0289569075,10
"766",-0.0463323,0.23165861,"Grouped",-0.0231663881818182,10
"787",-0.0463323,0.27799043,"Grouped",-0.0351003406060606,10
"808",-0.0463323,0.32432225,"Grouped",-0.0571430553333333,10
"829",-0.0463323,0.37065407,"Grouped",0.0512954625,10
"850",-0.0463323,0.41698588,"Grouped",-0.00330987190476191,10
"871",-0.0463323,0.4633177,"Grouped",0.0264748457142857,10
"11",-4.8e-07,-0.46331866,"Ungrouped",0.0540533083333333,11
"32",-4.8e-07,-0.41698684,"Ungrouped",0.042899352962963,11
"53",-4.8e-07,-0.37065503,"Ungrouped",0.0588052903846154,11
"74",-4.8e-07,-0.32432321,"Ungrouped",-0.004633662,11
"95",-4.8e-07,-0.27799139,"Ungrouped",0.00604280043478261,11
"116",-4.8e-07,-0.23165957,"Ungrouped",0.01058965,11
"137",-4.8e-07,-0.18532775,"Ungrouped",0.02573942,11
"158",-4.8e-07,-0.13899593,"Ungrouped",0.0545075423529412,11
"179",-4.8e-07,-0.09266412,"Ungrouped",0.0411833596296296,11
"200",-4.8e-07,-0.0463323,"Ungrouped",0.02618707,11
"221",-4.8e-07,-4.8e-07,"Ungrouped",0.0268232044736842,11
"242",-4.8e-07,0.04633134,"Ungrouped",0.0446153459259259,11
"263",-4.8e-07,0.09266316,"Ungrouped",-0.0505442813636364,11
"284",-4.8e-07,0.13899498,"Ungrouped",-0.0405408191666667,11
"305",-4.8e-07,0.18532679,"Ungrouped",-0.0231663878125,11
"326",-4.8e-07,0.23165861,"Ungrouped",0.0521228166666667,11
"347",-4.8e-07,0.27799043,"Ungrouped",0.0851903141935484,11
"368",-4.8e-07,0.32432225,"Ungrouped",0.0476551054285714,11
"389",-4.8e-07,0.37065407,"Ungrouped",0.0172084825714286,11
"410",-4.8e-07,0.41698588,"Ungrouped",0.018875447037037,11
"431",-4.8e-07,0.4633177,"Ungrouped",0.0324317933333333,11
"452",-4.8e-07,-0.46331866,"Grouped",0.083838049047619,11
"473",-4.8e-07,-0.41698684,"Grouped",0.0597825119354839,11
"494",-4.8e-07,-0.37065503,"Grouped",0.0367454462068965,11
"515",-4.8e-07,-0.32432321,"Grouped",-0.0119570777419355,11
"536",-4.8e-07,-0.27799139,"Grouped",0.05019232375,11
"557",-4.8e-07,-0.23165957,"Grouped",0.00165422678571428,11
"578",-4.8e-07,-0.18532775,"Grouped",0.0728066638095238,11
"599",-4.8e-07,-0.13899593,"Grouped",-0.00140447363636364,11
"620",-4.8e-07,-0.09266412,"Grouped",0.0654091458823529,11
"641",-4.8e-07,-0.0463323,"Grouped",-0.00356446538461539,11
"662",-4.8e-07,-4.8e-07,"Grouped",0.0426248324,11
"683",-4.8e-07,0.04633134,"Grouped",-0.0281305125,11
"704",-4.8e-07,0.09266316,"Grouped",0.0849411871428571,11
"725",-4.8e-07,0.13899498,"Grouped",-0.0224191003225806,11
"746",-4.8e-07,0.18532679,"Grouped",0.0275090378125,11
"767",-4.8e-07,0.23165861,"Grouped",0.0415383913793103,11
"788",-4.8e-07,0.27799043,"Grouped",-0.0514802777777778,11
"809",-4.8e-07,0.32432225,"Grouped",0.0926631937037037,11
"830",-4.8e-07,0.37065407,"Grouped",0.0511243189655172,11
"851",-4.8e-07,0.41698588,"Grouped",0.0218027288235294,11
"872",-4.8e-07,0.4633177,"Grouped",-0.0608109915625,11
"12",0.04633134,-0.46331866,"Ungrouped",0.0640464461764706,12
"33",0.04633134,-0.41698684,"Ungrouped",0.0154434595833333,12
"54",0.04633134,-0.37065503,"Ungrouped",0.111195885428571,12
"75",0.04633134,-0.32432321,"Ungrouped",0.0221582160869565,12
"96",0.04633134,-0.27799139,"Ungrouped",0.0407715208,12
"117",0.04633134,-0.23165957,"Ungrouped",0.05911253,12
"138",0.04633134,-0.18532775,"Ungrouped",-0.00125269054054054,12
"159",0.04633134,-0.13899593,"Ungrouped",0.0231654296666667,12
"180",0.04633134,-0.09266412,"Ungrouped",0.0645331246428571,12
"201",0.04633134,-0.0463323,"Ungrouped",0.0602308845,12
"222",0.04633134,-4.8e-07,"Ungrouped",0.0694972476923077,12
"243",0.04633134,0.04633134,"Ungrouped",-0.0154444191666667,12
"264",0.04633134,0.09266316,"Ungrouped",0.0637057709375,12
"285",0.04633134,0.13899498,"Ungrouped",0.0351477972413793,12
"306",0.04633134,0.18532679,"Ungrouped",0.0629632982051282,12
"327",0.04633134,0.23165861,"Ungrouped",0.0493204880645161,12
"348",0.04633134,0.27799043,"Ungrouped",0.0164398435483871,12
"369",0.04633134,0.32432225,"Ungrouped",0.03474838375,12
"390",0.04633134,0.37065407,"Ungrouped",-0.0231663884375,12
"411",0.04633134,0.41698588,"Ungrouped",0.0605872826923077,12
"432",0.04633134,0.4633177,"Ungrouped",0.0154434607407407,12
"453",0.04633134,-0.46331866,"Grouped",0.0389182488,12
"474",0.04633134,-0.41698684,"Grouped",0.0941110265625,12
"495",0.04633134,-0.37065503,"Grouped",0.04980622625,12
"516",0.04633134,-0.32432321,"Grouped",0.0523096377419355,12
"537",0.04633134,-0.27799139,"Grouped",-0.00298959806451613,12
"558",0.04633134,-0.23165957,"Grouped",-0.0165475575,12
"579",0.04633134,-0.18532775,"Grouped",0.142855959166667,12
"600",0.04633134,-0.13899593,"Grouped",0.0639054762068965,12
"621",0.04633134,-0.09266412,"Grouped",0.022307432962963,12
"642",0.04633134,-0.0463323,"Grouped",0.0339761883333333,12
"663",0.04633134,-4.8e-07,"Grouped",0.0864855813333333,12
"684",0.04633134,0.04633134,"Grouped",0.0203855204,12
"705",0.04633134,0.09266316,"Grouped",0.0315894409090909,12
"726",0.04633134,0.13899498,"Grouped",0.0463313394285714,12
"747",0.04633134,0.18532679,"Grouped",0.0671007744827586,12
"768",0.04633134,0.23165861,"Grouped",0.0479860464285714,12
"789",0.04633134,0.27799043,"Grouped",0.092663157,12
"810",0.04633134,0.32432225,"Grouped",0.0542416497560976,12
"831",0.04633134,0.37065407,"Grouped",0.0652853086363636,12
"852",0.04633134,0.41698588,"Grouped",0.0377513725925926,12
"873",0.04633134,0.4633177,"Grouped",0.143787921724138,12
"13",0.09266316,-0.46331866,"Ungrouped",0.138994976190476,13
"34",0.09266316,-0.41698684,"Ungrouped",0.1230684121875,13
"55",0.09266316,-0.37065503,"Ungrouped",0.0664756073913043,13
"76",0.09266316,-0.32432321,"Ungrouped",0.126359024545455,13
"97",0.09266316,-0.27799139,"Ungrouped",0.0604323269565217,13
"118",0.09266316,-0.23165957,"Ungrouped",0.0111830631034483,13
"139",0.09266316,-0.18532775,"Ungrouped",0.110483086538462,13
"160",0.09266316,-0.13899593,"Ungrouped",0.00448324516129032,13
"181",0.09266316,-0.09266412,"Ungrouped",0.0701591317142857,13
"202",0.09266316,-0.0463323,"Ungrouped",0.027798612,13
"223",0.09266316,-4.8e-07,"Ungrouped",0.0143783596551724,13
"244",0.09266316,0.04633134,"Ungrouped",0.00330893678571428,13
"265",0.09266316,0.09266316,"Ungrouped",0.0389182488,13
"286",0.09266316,0.13899498,"Ungrouped",0.0535706859375,13
"307",0.09266316,0.18532679,"Ungrouped",0.0512954628571429,13
"328",0.09266316,0.23165861,"Ungrouped",0.0356393811538461,13
"349",0.09266316,0.27799043,"Ungrouped",0.0694972481818182,13
"370",0.09266316,0.32432225,"Ungrouped",0.0503602339130435,13
"391",0.09266316,0.37065407,"Ungrouped",0.0772192537037037,13
"412",0.09266316,0.41698588,"Ungrouped",0.0382736317391304,13
"433",0.09266316,0.4633177,"Ungrouped",-0.0189544054545455,13
"454",0.09266316,-0.46331866,"Grouped",0.0463313388461538,13
"475",0.09266316,-0.41698684,"Grouped",0.0540533094444444,13
"496",0.09266316,-0.37065503,"Grouped",0.0497633251851852,13
"517",0.09266316,-0.32432321,"Grouped",0.140710968518519,13
"538",0.09266316,-0.27799139,"Grouped",0.06602236175,13
"559",0.09266316,-0.23165957,"Grouped",0.0714828974285714,13
"580",0.09266316,-0.18532775,"Grouped",0.0545075423529412,13
"601",0.09266316,-0.13899593,"Grouped",0.0941110259375,13
"622",0.09266316,-0.09266412,"Grouped",0.0627716619354839,13
"643",0.09266316,-0.0463323,"Grouped",0.0196014430769231,13
"664",0.09266316,-4.8e-07,"Grouped",0.0358693151612903,13
"685",0.09266316,0.04633134,"Grouped",0.113255076944444,13
"706",0.09266316,0.09266316,"Grouped",0.0267294161538461,13
"727",0.09266316,0.13899498,"Grouped",0.0705044617391304,13
"748",0.09266316,0.18532679,"Grouped",0.0944451507692308,13
"769",0.09266316,0.23165861,"Grouped",0.133648996153846,13
"790",0.09266316,0.27799043,"Grouped",0.123551072962963,13
"811",0.09266316,0.32432225,"Grouped",0.075288755625,13
"832",0.09266316,0.37065407,"Grouped",0.107652891176471,13
"853",0.09266316,0.41698588,"Grouped",-0.00712845230769231,13
"874",0.09266316,0.4633177,"Grouped",0.0207269126315789,13
"14",0.13899498,-0.46331866,"Ungrouped",0.117276935625,14
"35",0.13899498,-0.41698684,"Ungrouped",0.236002249375,14
"56",0.13899498,-0.37065503,"Ungrouped",0.0856431848484848,14
"77",0.13899498,-0.32432321,"Ungrouped",0.162959709310345,14
"98",0.13899498,-0.27799139,"Ungrouped",0.115829066333333,14
"119",0.13899498,-0.23165957,"Ungrouped",0.083396793,14
"140",0.13899498,-0.18532775,"Ungrouped",0.168166860740741,14
"161",0.13899498,-0.13899593,"Ungrouped",0.098840733,14
"182",0.13899498,-0.09266412,"Ungrouped",0.125757313809524,14
"203",0.13899498,-0.0463323,"Ungrouped",0.0913761619444444,14
"224",0.13899498,-4.8e-07,"Ungrouped",0.0536468894736842,14
"245",0.13899498,0.04633134,"Ungrouped",0.12892284173913,14
"266",0.13899498,0.09266316,"Ungrouped",0.0600592851851852,14
"287",0.13899498,0.13899498,"Ungrouped",0.0815435208,14
"308",0.13899498,0.18532679,"Ungrouped",0.0328178908333333,14
"329",0.13899498,0.23165861,"Ungrouped",0.132376144285714,14
"350",0.13899498,0.27799043,"Ungrouped",0.149686933846154,14
"371",0.13899498,0.32432225,"Ungrouped",0.119565502580645,14
"392",0.13899498,0.37065407,"Ungrouped",0.0992820228571429,14
"413",0.13899498,0.41698588,"Ungrouped",0.121060079032258,14
"434",0.13899498,0.4633177,"Ungrouped",0.0179344490322581,14
"455",0.13899498,-0.46331866,"Grouped",0.0694972479411765,14
"476",0.13899498,-0.41698684,"Grouped",0.1334351568,14
"497",0.13899498,-0.37065503,"Grouped",0.089767418125,14
"518",0.13899498,-0.32432321,"Grouped",0.123174353902439,14
"539",0.13899498,-0.27799139,"Grouped",0.130415008518519,14
"560",0.13899498,-0.23165957,"Grouped",0.107041996896552,14
"581",0.13899498,-0.18532775,"Grouped",0.090557165,14
"602",0.13899498,-0.13899593,"Grouped",0.115235067948718,14
"623",0.13899498,-0.09266412,"Grouped",0.111195884333333,14
"644",0.13899498,-0.0463323,"Grouped",0.0631792727272727,14
"665",0.13899498,-4.8e-07,"Grouped",0.0846749124137931,14
"686",0.13899498,0.04633134,"Grouped",0.115030275172414,14
"707",0.13899498,0.09266316,"Grouped",0.120865134347826,14
"728",0.13899498,0.13899498,"Grouped",0.105018308666667,14
"749",0.13899498,0.18532679,"Grouped",0.0992819871428571,14
"770",0.13899498,0.23165861,"Grouped",0.17846282,14
"791",0.13899498,0.27799043,"Grouped",0.0884511736363636,14
"812",0.13899498,0.32432225,"Grouped",0.0926631565217391,14
"833",0.13899498,0.37065407,"Grouped",0.1780874459375,14
"854",0.13899498,0.41698588,"Grouped",0.0443169117391304,14
"875",0.13899498,0.4633177,"Grouped",0.1248380575,14
"15",0.18532679,-0.46331866,"Ungrouped",0.223936641666667,15
"36",0.18532679,-0.41698684,"Ungrouped",0.100385125833333,15
"57",0.18532679,-0.37065503,"Ungrouped",0.166450867037037,15
"78",0.18532679,-0.32432321,"Ungrouped",0.0405398615625,15
"99",0.18532679,-0.27799139,"Ungrouped",0.130571007575758,15
"120",0.18532679,-0.23165957,"Ungrouped",0.112319079393939,15
"141",0.18532679,-0.18532775,"Ungrouped",0.190203826315789,15
"162",0.18532679,-0.13899593,"Ungrouped",0.0953106891428571,15
"183",0.18532679,-0.09266412,"Ungrouped",0.131522100967742,15
"204",0.18532679,-0.0463323,"Ungrouped",0.0598447858333333,15
"225",0.18532679,-4.8e-07,"Ungrouped",0.106562702666667,15
"246",0.18532679,0.04633134,"Ungrouped",0.106391103703704,15
"267",0.18532679,0.09266316,"Ungrouped",0.0800272060606061,15
"288",0.18532679,0.13899498,"Ungrouped",0.137500400322581,15
"309",0.18532679,0.18532679,"Ungrouped",0.0595690009523809,15
"330",0.18532679,0.23165861,"Ungrouped",0.146983219655172,15
"351",0.18532679,0.27799043,"Ungrouped",0.19401400875,15
"372",0.18532679,0.32432225,"Ungrouped",0.0840831907407407,15
"393",0.18532679,0.37065407,"Ungrouped",0.0482618316666667,15
"414",0.18532679,0.41698588,"Ungrouped",0.055597702,15
"435",0.18532679,0.4633177,"Ungrouped",0.18129798173913,15
"456",0.18532679,-0.46331866,"Grouped",0.08787021,15
"477",0.18532679,-0.41698684,"Grouped",0.1274120209375,15
"498",0.18532679,-0.37065503,"Grouped",0.174094837272727,15
"519",0.18532679,-0.32432321,"Grouped",0.0537444292,15
"540",0.18532679,-0.27799139,"Grouped",0.0960951433333333,15
"561",0.18532679,-0.23165957,"Grouped",0.147760454594595,15
"582",0.18532679,-0.18532775,"Grouped",0.0838976772972973,15
"603",0.18532679,-0.13899593,"Grouped",0.075674824,15
"624",0.18532679,-0.09266412,"Grouped",0.0330936753571429,15
"645",0.18532679,-0.0463323,"Grouped",0.164886342941176,15
"666",0.18532679,-4.8e-07,"Grouped",0.107294257368421,15
"687",0.18532679,0.04633134,"Grouped",0.020848838,15
"708",0.18532679,0.09266316,"Grouped",0.102735291304348,15
"729",0.18532679,0.13899498,"Grouped",0.0833967933333333,15
"750",0.18532679,0.18532679,"Grouped",0.0843896175,15
"771",0.18532679,0.23165861,"Grouped",0.1069191,15
"792",0.18532679,0.27799043,"Grouped",0.110483087692308,15
"813",0.18532679,0.32432225,"Grouped",0.134361793,15
"834",0.18532679,0.37065407,"Grouped",0.123018487241379,15
"855",0.18532679,0.41698588,"Grouped",0.136788697619048,15
"876",0.18532679,0.4633177,"Grouped",0.166504493125,15
"16",0.23165861,-0.46331866,"Ungrouped",0.150264877837838,16
"37",0.23165861,-0.41698684,"Ungrouped",0.116836280869565,16
"58",0.23165861,-0.37065503,"Ungrouped",0.1445548324,16
"79",0.23165861,-0.32432321,"Ungrouped",0.0591125296551724,16
"100",0.23165861,-0.27799139,"Ungrouped",0.212486825517241,16
"121",0.23165861,-0.23165957,"Ungrouped",0.166372868636364,16
"142",0.23165861,-0.18532775,"Ungrouped",0.183729144482759,16
"163",0.23165861,-0.13899593,"Ungrouped",0.14538557,16
"184",0.23165861,-0.09266412,"Ungrouped",0.1389949745,16
"205",0.23165861,-0.0463323,"Ungrouped",0.186924442068965,16
"226",0.23165861,-4.8e-07,"Ungrouped",0.177813525945946,16
"247",0.23165861,0.04633134,"Ungrouped",0.175740933448276,16
"268",0.23165861,0.09266316,"Ungrouped",0.106114360645161,16
"289",0.23165861,0.13899498,"Ungrouped",0.0752887241666667,16
"310",0.23165861,0.18532679,"Ungrouped",0.203041900882353,16
"331",0.23165861,0.23165861,"Ungrouped",0.0777174087096774,16
"352",0.23165861,0.27799043,"Ungrouped",0.242842154137931,16
"373",0.23165861,0.32432225,"Ungrouped",0.142304391071429,16
"394",0.23165861,0.37065407,"Ungrouped",0.166248987058824,16
"415",0.23165861,0.41698588,"Ungrouped",0.150577956111111,16
"436",0.23165861,0.4633177,"Ungrouped",0.190474772962963,16
"457",0.23165861,-0.46331866,"Grouped",0.0655031255172414,16
"478",0.23165861,-0.41698684,"Grouped",0.130307759375,16
"499",0.23165861,-0.37065503,"Grouped",0.2108092945,16
"520",0.23165861,-0.32432321,"Grouped",0.183832249677419,16
"541",0.23165861,-0.27799139,"Grouped",0.0926631570833333,16
"562",0.23165861,-0.23165957,"Grouped",0.106764145652174,16
"583",0.23165861,-0.18532775,"Grouped",0.136888983181818,16
"604",0.23165861,-0.13899593,"Grouped",0.146014948181818,16
"625",0.23165861,-0.09266412,"Grouped",0.0352117016,16
"646",0.23165861,-0.0463323,"Grouped",0.0326033933333333,16
"667",0.23165861,-4.8e-07,"Grouped",0.1464080656,16
"688",0.23165861,0.04633134,"Grouped",0.1890333776,16
"709",0.23165861,0.09266316,"Grouped",0.12796359047619,16
"730",0.23165861,0.13899498,"Grouped",0.1334351572,16
"751",0.23165861,0.18532679,"Grouped",0.121060078064516,16
"772",0.23165861,0.23165861,"Grouped",0.171766261219512,16
"793",0.23165861,0.27799043,"Grouped",0.14189071375,16
"814",0.23165861,0.32432225,"Grouped",0.1751917075,16
"835",0.23165861,0.37065407,"Grouped",0.220075705,16
"856",0.23165861,0.41698588,"Grouped",0.140776968461538,16
"877",0.23165861,0.4633177,"Grouped",0.166155039310345,16
"17",0.27799043,-0.46331866,"Ungrouped",0.257913308666667,17
"38",0.27799043,-0.41698684,"Ungrouped",0.180031728285714,17
"59",0.27799043,-0.37065503,"Ungrouped",0.123018486206897,17
"80",0.27799043,-0.32432321,"Ungrouped",0.195461878125,17
"101",0.27799043,-0.27799139,"Ungrouped",0.115167182857143,17
"122",0.27799043,-0.23165957,"Ungrouped",0.137450581666667,17
"143",0.27799043,-0.18532775,"Ungrouped",0.21196759,17
"164",0.27799043,-0.13899593,"Ungrouped",0.229452334761905,17
"185",0.27799043,-0.09266412,"Ungrouped",0.1371417016,17
"206",0.27799043,-0.0463323,"Ungrouped",0.0960951437037037,17
"227",0.27799043,-4.8e-07,"Ungrouped",0.127412020714286,17
"248",0.27799043,0.04633134,"Ungrouped",0.150577929642857,17
"269",0.27799043,0.09266316,"Ungrouped",0.173743839166667,17
"290",0.27799043,0.13899498,"Ungrouped",0.153736960909091,17
"311",0.27799043,0.18532679,"Ungrouped",0.154845333947368,17
"332",0.27799043,0.23165861,"Ungrouped",0.103253286857143,17
"353",0.27799043,0.27799043,"Ungrouped",0.174143250689655,17
"374",0.27799043,0.32432225,"Ungrouped",0.252718528484848,17
"395",0.27799043,0.37065407,"Ungrouped",0.176416828846154,17
"416",0.27799043,0.41698588,"Ungrouped",0.200316498823529,17
"437",0.27799043,0.4633177,"Ungrouped",0.208492729166667,17
"458",0.27799043,-0.46331866,"Grouped",0.209595841904762,17
"479",0.27799043,-0.41698684,"Grouped",0.200770733666667,17
"500",0.27799043,-0.37065503,"Grouped",0.195856752727273,17
"521",0.27799043,-0.32432321,"Grouped",0.199054738888889,17
"542",0.27799043,-0.27799139,"Grouped",0.185326793448276,17
"563",0.27799043,-0.23165957,"Grouped",0.216214671851852,17
"584",0.27799043,-0.18532775,"Grouped",0.0986414561290323,17
"605",0.27799043,-0.13899593,"Grouped",0.1505779296875,17
"626",0.27799043,-0.09266412,"Grouped",0.223482437058824,17
"647",0.27799043,-0.0463323,"Grouped",0.0762228348387097,17
"668",0.27799043,-4.8e-07,"Grouped",0.1927398844,17
"689",0.27799043,0.04633134,"Grouped",0.231658612258065,17
"710",0.27799043,0.09266316,"Grouped",0.153250955769231,17
"731",0.27799043,0.13899498,"Grouped",0.180843069677419,17
"752",0.27799043,0.18532679,"Grouped",0.146122947179487,17
"773",0.27799043,0.23165861,"Grouped",0.163942877179487,17
"794",0.27799043,0.27799043,"Grouped",0.219303491333333,17
"815",0.27799043,0.32432225,"Grouped",0.17374383875,17
"836",0.27799043,0.37065407,"Grouped",0.242890596060606,17
"857",0.27799043,0.41698588,"Grouped",0.1853267935,17
"878",0.27799043,0.4633177,"Grouped",0.188052193823529,17
"18",0.32432225,-0.46331866,"Ungrouped",0.134782991818182,18
"39",0.32432225,-0.41698684,"Ungrouped",0.20227745902439,18
"60",0.32432225,-0.37065503,"Ungrouped",0.220627226666667,18
"81",0.32432225,-0.32432321,"Ungrouped",0.168779783928571,18
"102",0.32432225,-0.27799139,"Ungrouped",0.170434422857143,18
"123",0.32432225,-0.23165957,"Ungrouped",0.2490330428125,18
"144",0.32432225,-0.18532775,"Ungrouped",0.118850706956522,18
"165",0.32432225,-0.13899593,"Ungrouped",0.224845137352941,18
"186",0.32432225,-0.09266412,"Ungrouped",0.213456826428571,18
"207",0.32432225,-0.0463323,"Ungrouped",0.218031605882353,18
"228",0.32432225,-4.8e-07,"Ungrouped",0.159435482647059,18
"249",0.32432225,0.04633134,"Ungrouped",0.0954711454545455,18
"270",0.32432225,0.09266316,"Ungrouped",0.1871800668,18
"291",0.32432225,0.13899498,"Ungrouped",0.248098933870968,18
"312",0.32432225,0.18532679,"Ungrouped",0.187432786818182,18
"333",0.32432225,0.23165861,"Ungrouped",0.173446864615385,18
"354",0.32432225,0.27799043,"Ungrouped",0.179348493870968,18
"375",0.32432225,0.32432225,"Ungrouped",0.197800744615385,18
"396",0.32432225,0.37065407,"Ungrouped",0.2055969940625,18
"417",0.32432225,0.41698588,"Ungrouped",0.213406683636364,18
"438",0.32432225,0.4633177,"Ungrouped",0.2924691834375,18
"459",0.32432225,-0.46331866,"Grouped",0.133847031481481,18
"480",0.32432225,-0.41698684,"Grouped",0.179348495806452,18
"501",0.32432225,-0.37065503,"Grouped",0.252718529545455,18
"522",0.32432225,-0.32432321,"Grouped",0.19525504,18
"543",0.32432225,-0.27799139,"Grouped",0.179535315625,18
"564",0.32432225,-0.23165957,"Grouped",0.256368914,18
"585",0.32432225,-0.18532775,"Grouped",0.171225805217391,18
"606",0.32432225,-0.13899593,"Grouped",0.17313421,18
"627",0.32432225,-0.09266412,"Grouped",0.1722959703125,18
"648",0.32432225,-0.0463323,"Grouped",0.222072717931034,18
"669",0.32432225,-4.8e-07,"Grouped",0.162908171612903,18
"690",0.32432225,0.04633134,"Grouped",0.189538776818182,18
"711",0.32432225,0.09266316,"Grouped",0.144786451875,18
"732",0.32432225,0.13899498,"Grouped",0.182238037666667,18
"753",0.32432225,0.18532679,"Grouped",0.195622780277778,18
"774",0.32432225,0.23165861,"Grouped",0.233153217419355,18
"795",0.32432225,0.27799043,"Grouped",0.225039826666667,18
"816",0.32432225,0.32432225,"Grouped",0.233589104166667,18
"837",0.32432225,0.37065407,"Grouped",0.142190273448276,18
"858",0.32432225,0.41698588,"Grouped",0.20536220027027,18
"879",0.32432225,0.4633177,"Grouped",0.211623230540541,18
"19",0.37065407,-0.46331866,"Ungrouped",0.223670367241379,19
"40",0.37065407,-0.41698684,"Ungrouped",0.2273150028125,19
"61",0.37065407,-0.37065503,"Ungrouped",0.165182524782609,19
"82",0.37065407,-0.32432321,"Ungrouped",0.204928716538462,19
"103",0.37065407,-0.27799139,"Ungrouped",0.204631718055556,19
"124",0.37065407,-0.23165957,"Ungrouped",0.229084648611111,19
"145",0.37065407,-0.18532775,"Ungrouped",0.205183286785714,19
"166",0.37065407,-0.13899593,"Ungrouped",0.22556232,19
"187",0.37065407,-0.09266412,"Ungrouped",0.2345543503125,19
"208",0.37065407,-0.0463323,"Ungrouped",0.174634835384615,19
"229",0.37065407,-4.8e-07,"Ungrouped",0.3081061115,19
"250",0.37065407,0.04633134,"Ungrouped",0.206507053428571,19
"271",0.37065407,0.09266316,"Ungrouped",0.264752836071429,19
"292",0.37065407,0.13899498,"Ungrouped",0.239380613,19
"313",0.37065407,0.18532679,"Ungrouped",0.168974386470588,19
"334",0.37065407,0.23165861,"Ungrouped",0.156929872903226,19
"355",0.37065407,0.27799043,"Ungrouped",0.2057128324,19
"376",0.37065407,0.32432225,"Ungrouped",0.240193470526316,19
"397",0.37065407,0.37065407,"Ungrouped",0.261952492307692,19
"418",0.37065407,0.41698588,"Ungrouped",0.273357248,19
"439",0.37065407,0.4633177,"Ungrouped",0.182131495517241,19
"460",0.37065407,-0.46331866,"Grouped",0.183672119285714,19
"481",0.37065407,-0.41698684,"Grouped",0.315742281481481,19
"502",0.37065407,-0.37065503,"Grouped",0.229942618518518,19
"523",0.37065407,-0.32432321,"Grouped",0.209711960263158,19
"544",0.37065407,-0.27799139,"Grouped",0.257955075135135,19
"565",0.37065407,-0.23165957,"Grouped",0.151187558421053,19
"586",0.37065407,-0.18532775,"Grouped",0.149896579705882,19
"607",0.37065407,-0.13899593,"Grouped",0.1797670124,19
"628",0.37065407,-0.09266412,"Grouped",0.204149124375,19
"649",0.37065407,-0.0463323,"Grouped",0.242120634516129,19
"670",0.37065407,-4.8e-07,"Grouped",0.266407475,19
"691",0.37065407,0.04633134,"Grouped",0.298717872894737,19
"712",0.37065407,0.09266316,"Grouped",0.197800743461538,19
"733",0.37065407,0.13899498,"Grouped",0.2012533865625,19
"754",0.37065407,0.18532679,"Grouped",0.252582689677419,19
"775",0.37065407,0.23165861,"Grouped",0.158596898461538,19
"796",0.37065407,0.27799043,"Grouped",0.230114217333333,19
"817",0.37065407,0.32432225,"Grouped",0.205767329117647,19
"838",0.37065407,0.37065407,"Grouped",0.213125884285714,19
"859",0.37065407,0.41698588,"Grouped",0.282783410344828,19
"880",0.37065407,0.4633177,"Grouped",0.307775239642857,19
"20",0.41698588,-0.46331866,"Ungrouped",0.198196795555556,20
"41",0.41698588,-0.41698684,"Ungrouped",0.246400553636364,20
"62",0.41698588,-0.37065503,"Ungrouped",0.224845108823529,20
"83",0.41698588,-0.32432321,"Ungrouped",0.261638022352941,20
"104",0.41698588,-0.27799139,"Ungrouped",0.200770732222222,20
"125",0.41698588,-0.23165957,"Ungrouped",0.20144220826087,20
"146",0.41698588,-0.18532775,"Ungrouped",0.230003903928571,20
"167",0.41698588,-0.13899593,"Ungrouped",0.279706422592593,20
"188",0.41698588,-0.09266412,"Ungrouped",0.221196588387097,20
"209",0.41698588,-0.0463323,"Ungrouped",0.259860587826087,20
"230",0.41698588,-4.8e-07,"Ungrouped",0.202857777297297,20
"251",0.41698588,0.04633134,"Ungrouped",0.248867628285714,20
"272",0.41698588,0.09266316,"Ungrouped",0.194593157,20
"293",0.41698588,0.13899498,"Ungrouped",0.203261690645161,20
"314",0.41698588,0.18532679,"Ungrouped",0.261952529615385,20
"335",0.41698588,0.23165861,"Ungrouped",0.266033863225806,20
"356",0.41698588,0.27799043,"Ungrouped",0.188522091034483,20
"377",0.41698588,0.32432225,"Ungrouped",0.3039362864,20
"398",0.41698588,0.37065407,"Ungrouped",0.279277450833333,20
"419",0.41698588,0.41698588,"Ungrouped",0.241954642592593,20
"440",0.41698588,0.4633177,"Ungrouped",0.346786306060606,20
"461",0.41698588,-0.46331866,"Grouped",0.224794638518519,20
"482",0.41698588,-0.41698684,"Grouped",0.279534823333333,20
"503",0.41698588,-0.37065503,"Grouped",0.220847854333333,20
"524",0.41698588,-0.32432321,"Grouped",0.127412021,20
"545",0.41698588,-0.27799139,"Grouped",0.1241687936,20
"566",0.41698588,-0.23165957,"Grouped",0.178198821153846,20
"587",0.41698588,-0.18532775,"Grouped",0.157527703142857,20
"608",0.41698588,-0.13899593,"Grouped",0.214670342333333,20
"629",0.41698588,-0.09266412,"Grouped",0.216214726111111,20
"650",0.41698588,-0.0463323,"Grouped",0.2504809734375,20
"671",0.41698588,-4.8e-07,"Grouped",0.3127393275,20
"692",0.41698588,0.04633134,"Grouped",0.195622752222222,20
"713",0.41698588,0.09266316,"Grouped",0.147418972121212,20
"734",0.41698588,0.13899498,"Grouped",0.218420949714286,20
"755",0.41698588,0.18532679,"Grouped",0.30501736375,20
"776",0.41698588,0.23165861,"Grouped",0.279120474390244,20
"797",0.41698588,0.27799043,"Grouped",0.2724306116,20
"818",0.41698588,0.32432225,"Grouped",0.236451591034483,20
"839",0.41698588,0.37065407,"Grouped",0.235870683030303,20
"860",0.41698588,0.41698588,"Grouped",0.2501913384,20
"881",0.41698588,0.4633177,"Grouped",0.313138771724138,20
"21",0.4633177,-0.46331866,"Ungrouped",0.284940202,21
"42",0.4633177,-0.41698684,"Ungrouped",0.295364861666667,21
"63",0.4633177,-0.37065503,"Ungrouped",0.2668707932,21
"84",0.4633177,-0.32432321,"Ungrouped",0.288963755526316,21
"105",0.4633177,-0.27799139,"Ungrouped",0.235519675833333,21
"126",0.4633177,-0.23165957,"Ungrouped",0.2548245503125,21
"147",0.4633177,-0.18532775,"Ungrouped",0.319027209714286,21
"168",0.4633177,-0.13899593,"Ungrouped",0.2594577412,21
"189",0.4633177,-0.09266412,"Ungrouped",0.259860589130435,21
"210",0.4633177,-0.0463323,"Ungrouped",0.227446656363636,21
"231",0.4633177,-4.8e-07,"Ungrouped",0.246604359032258,21
"252",0.4633177,0.04633134,"Ungrouped",0.297846923809524,21
"273",0.4633177,0.09266316,"Ungrouped",0.192799666774194,21
"294",0.4633177,0.13899498,"Ungrouped",0.288286423703704,21
"315",0.4633177,0.18532679,"Ungrouped",0.1833963425,21
"336",0.4633177,0.23165861,"Ungrouped",0.2576044296,21
"357",0.4633177,0.27799043,"Ungrouped",0.243851246315789,21
"378",0.4633177,0.32432225,"Ungrouped",0.325726270909091,21
"399",0.4633177,0.37065407,"Ungrouped",0.268404569655172,21
"420",0.4633177,0.41698588,"Ungrouped",0.259972553333333,21
"441",0.4633177,0.4633177,"Ungrouped",0.2557511956,21
"462",0.4633177,-0.46331866,"Grouped",0.254824520263158,21
"483",0.4633177,-0.41698684,"Grouped",0.3094961056,21
"504",0.4633177,-0.37065503,"Grouped",0.22393668125,21
"525",0.4633177,-0.32432321,"Grouped",0.304892806451613,21
"546",0.4633177,-0.27799139,"Grouped",0.3243223644,21
"567",0.4633177,-0.23165957,"Grouped",0.173743839285714,21
"588",0.4633177,-0.18532775,"Grouped",0.254824520384615,21
"609",0.4633177,-0.13899593,"Grouped",0.196018801025641,21
"630",0.4633177,-0.09266412,"Grouped",0.2223922484,21
"651",0.4633177,-0.0463323,"Grouped",0.202174770454545,21
"672",0.4633177,-4.8e-07,"Grouped",0.269303213125,21
"693",0.4633177,0.04633134,"Grouped",0.260170536153846,21
"714",0.4633177,0.09266316,"Grouped",0.300357581034483,21
"735",0.4633177,0.13899498,"Grouped",0.185326854193548,21
"756",0.4633177,0.18532679,"Grouped",0.283441287941176,21
"777",0.4633177,0.23165861,"Grouped",0.27541644,21
"798",0.4633177,0.27799043,"Grouped",0.296192249642857,21
"819",0.4633177,0.32432225,"Grouped",0.179980814230769,21
"840",0.4633177,0.37065407,"Grouped",0.260055532903226,21
"861",0.4633177,0.41698588,"Grouped",0.3104227025,21
"882",0.4633177,0.4633177,"Grouped",0.350062200277778,21
